ministry/department,scheme name ,state,,                                                                                                                                        
Department of Agriculture and Farmers Welfare,PRADHAN MANTRI KISAN SAMMAN NIDHI,ANDAMAN AND NICOBAR ISLANDS,,
Department of Agriculture and Farmers Welfare,KRISHIONNATI YOJANA,ANDHRA PRADESH,,
Department of Agriculture and Farmers Welfare,KRISHIONNATI YOJANA,ANDHRA PRADESH,,
Department of Agriculture and Farmers Welfare,NATIONAL MISSION ON NATURAL FARMING (CSS),ANDHRA PRADESH,,
Department of Agriculture and Farmers Welfare,PRADHAN MANTRI KISAN SAMMAN NIDHI,ANDHRA PRADESH,,
Department of Agriculture and Farmers Welfare,Rashtriya Krishi Vikas Yojna,ANDHRA PRADESH,,
Department of Agriculture and Farmers Welfare,NATIONAL MISSION ON NATURAL FARMING (CSS),ANDHRA PRADESH,,
Department of Agriculture and Farmers Welfare,STRENGTHENING OF KRISHI VIGYAN KENDRAS (KVKs),ANDHRA PRADESH,,
Department of Agriculture and Farmers Welfare,Rashtriya Krishi Vikas Yojna,ASSAM,,
Department of Agriculture and Farmers Welfare,PRADHAN MANTRI KISAN SAMMAN NIDHI,ASSAM,,
Department of Agriculture and Farmers Welfare,STRENGTHENING OF KRISHI VIGYAN KENDRAS (KVKs),ASSAM,,
Department of Agriculture and Farmers Welfare,PRADHAN MANTRI KISAN SAMMAN NIDHI,ASSAM,,
Department of Agriculture and Farmers Welfare,Rashtriya Krishi Vikas Yojna,ASSAM,,
Department of Agriculture and Farmers Welfare,STRENGTHENING OF KRISHI VIGYAN KENDRAS (KVKs),BIHAR,,
Department of Agriculture and Farmers Welfare,NATIONAL MISSION ON NATURAL FARMING (CSS),BIHAR,,
Department of Agriculture and Farmers Welfare,KRISHIONNATI YOJANA,BIHAR,,
Department of Agriculture and Farmers Welfare,PRADHAN MANTRI KISAN SAMMAN NIDHI,BIHAR,,
Department of Agriculture and Farmers Welfare,KRISHIONNATI YOJANA,BIHAR,,
Department of Agriculture and Farmers Welfare,NATIONAL MISSION ON NATURAL FARMING (CSS),CHHATTISGARH,,
Department of Agriculture and Farmers Welfare,STRENGTHENING OF KRISHI VIGYAN KENDRAS (KVKs),CHHATTISGARH,,
Department of Agriculture and Farmers Welfare,PRADHAN MANTRI KISAN SAMMAN NIDHI,CHHATTISGARH,,
Department of Agriculture and Farmers Welfare,KRISHIONNATI YOJANA,CHHATTISGARH,,
Department of Agriculture and Farmers Welfare,Rashtriya Krishi Vikas Yojna,CHHATTISGARH,,
Department of Agriculture and Farmers Welfare,PRADHAN MANTRI KISAN SAMMAN NIDHI,CHHATTISGARH,,
Department of Agriculture and Farmers Welfare,KRISHIONNATI YOJANA,CHHATTISGARH,,
Department of Agriculture and Farmers Welfare,CROP SCIENCE FOR FOOD AND NUTRITIONAL SECURITY,DELHI,,
Department of Agriculture and Farmers Welfare,RASHTRIYA KRISHI VIKAS YOJANA (RKVY),DELHI,,
Department of Agriculture and Farmers Welfare,NATIONAL MISSION ON NATURAL FARMING (CSS),DELHI,,
Department of Agriculture and Farmers Welfare,Rashtriya Krishi Vikas Yojna,DELHI,,
Department of Agriculture and Farmers Welfare,CROP SCIENCE FOR FOOD AND NUTRITIONAL SECURITY,DELHI,,
Department of Agriculture and Farmers Welfare,PRADHAN MANTRI KISAN SAMMAN NIDHI,DELHI,,
Department of Agriculture and Farmers Welfare,NATIONAL MISSION ON NATURAL FARMING (CSS),DELHI,,
Department of Agriculture and Farmers Welfare,KRISHIONNATI YOJANA,GOA,,
Department of Agriculture and Farmers Welfare,RASHTRIYA KRISHI VIKAS YOJANA (RKVY),GOA,,
Department of Agriculture and Farmers Welfare,PRADHAN MANTRI KISAN SAMMAN NIDHI,GOA,,
Department of Agriculture and Farmers Welfare,CROP SCIENCE FOR FOOD AND NUTRITIONAL SECURITY,GOA,,
Department of Agriculture and Farmers Welfare,Rashtriya Krishi Vikas Yojna,GOA,,
Department of Agriculture and Farmers Welfare,NATIONAL MISSION ON NATURAL FARMING (CSS),GOA,,
Department of Agriculture and Farmers Welfare,NATIONAL RURAL DRINKING WATER PROGRAMME,GUJARAT,,
Department of Agriculture and Farmers Welfare,PRADHAN MANTRI KISAN SAMMAN NIDHI,GUJARAT,,
Department of Agriculture and Farmers Welfare,YOUNG LEADERS PROGRAMME,GUJARAT,,
Department of Agriculture and Farmers Welfare,KRISHIONNATI YOJANA,GUJARAT,,
Department of Agriculture and Farmers Welfare,Rashtriya Krishi Vikas Yojna,GUJARAT,,
Department of Agriculture and Farmers Welfare,CROP SCIENCE FOR FOOD AND NUTRITIONAL SECURITY,HARYANA,,
Department of Agriculture and Farmers Welfare,RASHTRIYA KRISHI VIKAS YOJANA (RKVY),HARYANA,,
Department of Agriculture and Farmers Welfare,PRADHAN MANTRI KISAN SAMMAN NIDHI,HARYANA,,
Department of Agriculture and Farmers Welfare,NATIONAL RURAL DRINKING WATER PROGRAMME,HARYANA,,
Department of Agriculture and Farmers Welfare,NATIONAL MISSION ON NATURAL FARMING (CSS),HARYANA,,
Department of Agriculture and Farmers Welfare,CROP SCIENCE FOR FOOD AND NUTRITIONAL SECURITY,HIMACHAL PRADESH,,
Department of Agriculture and Farmers Welfare,KRISHIONNATI YOJANA,HIMACHAL PRADESH,,
Department of Agriculture and Farmers Welfare,PRADHAN MANTRI KISAN SAMMAN NIDHI,HIMACHAL PRADESH,,
Department of Agriculture and Farmers Welfare,NATIONAL RURAL DRINKING WATER PROGRAMME,HIMACHAL PRADESH,,
Department of Agriculture and Farmers Welfare,CROP SCIENCE FOR FOOD AND NUTRITIONAL SECURITY,HIMACHAL PRADESH,,
Department of Agriculture and Farmers Welfare,Rashtriya Krishi Vikas Yojna,JHARKHAND,,
Department of Agriculture and Farmers Welfare,RASHTRIYA KRISHI VIKAS YOJANA (RKVY),JHARKHAND,,
Department of Agriculture and Farmers Welfare,KRISHIONNATI YOJANA,JHARKHAND,,
Department of Agriculture and Farmers Welfare,PRADHAN MANTRI KISAN SAMMAN NIDHI,KARNATAKA,,
Department of Agriculture and Farmers Welfare,Rashtriya Krishi Vikas Yojna,KARNATAKA,,
Department of Agriculture and Farmers Welfare,KRISHIONNATI YOJANA,KARNATAKA,,
Department of Agriculture and Farmers Welfare,PRADHAN MANTRI KISAN SAMMAN NIDHI,KERALA,,
Department of Agriculture and Farmers Welfare,Rashtriya Krishi Vikas Yojna,KERALA,,
Department of Agriculture and Farmers Welfare,KRISHIONNATI YOJANA,LADAKH,,
Department of Agriculture and Farmers Welfare,PRADHAN MANTRI KISAN SAMMAN NIDHI,LADAKH,,
Department of Agriculture and Farmers Welfare,Rashtriya Krishi Vikas Yojna,MADHYA PRADESH,,
Department of Agriculture and Farmers Welfare,KRISHIONNATI YOJANA,MADHYA PRADESH,,
Department of Agriculture and Farmers Welfare,PRADHAN MANTRI KISAN SAMMAN NIDHI,MAHARASHTRA,,
Department of Agriculture and Farmers Welfare,Rashtriya Krishi Vikas Yojna,MAHARASHTRA,,
Department of Agriculture and Farmers Welfare,KRISHIONNATI YOJANA,MAHARASHTRA,,
Department of Agriculture and Farmers Welfare,PRADHAN MANTRI KISAN SAMMAN NIDHI,MANIPUR,,
Department of Agriculture and Farmers Welfare,Rashtriya Krishi Vikas Yojna,MANIPUR,,
Department of Agriculture and Farmers Welfare,KRISHIONNATI YOJANA,MEGHALAYA,,
Department of Agriculture and Farmers Welfare,PRADHAN MANTRI KISAN SAMMAN NIDHI,MEGHALAYA,,
Department of Agriculture and Farmers Welfare,Rashtriya Krishi Vikas Yojna,MEGHALAYA,,
Department of Agriculture and Farmers Welfare,NATIONAL RURAL DRINKING WATER PROGRAMME,MANIPUR,,
Department of Agriculture and Farmers Welfare,PRADHAN MANTRI KISAN SAMMAN NIDHI,MANIPUR,,
Department of Agriculture and Farmers Welfare,Rashtriya Krishi Vikas Yojna,MIZORAM,,
Department of Agriculture and Farmers Welfare,KRISHIONNATI YOJANA,MIZORAM,,
Department of Agriculture and Farmers Welfare,PRADHAN MANTRI KISAN SAMMAN NIDHI,MIZORAM,,
Department of Agriculture and Farmers Welfare,NATIONAL RURAL DRINKING WATER PROGRAMME,ODISHA,,
Department of Agriculture and Farmers Welfare,Rashtriya Krishi Vikas Yojna,ODISHA,,
Department of Agriculture and Farmers Welfare,PRADHAN MANTRI KISAN SAMMAN NIDHI,ODISHA,,
Department of Agriculture and Farmers Welfare,NATIONAL RURAL DRINKING WATER PROGRAMME,PUDUCHERRY,,
Department of Agriculture and Farmers Welfare,Rashtriya Krishi Vikas Yojna,PUNJAB,,
Department of Agriculture and Farmers Welfare,KRISHIONNATI YOJANA,PUNJAB,,
Department of Agriculture and Farmers Welfare,PRADHAN MANTRI KISAN SAMMAN NIDHI,SIKKIM,,
Department of Agriculture and Farmers Welfare,NATIONAL RURAL DRINKING WATER PROGRAMME,SIKKIM,,
Department of Agriculture and Farmers Welfare,KRISHIONNATI YOJANA,TAMIL NADU,,
Department of Agriculture and Farmers Welfare,Rashtriya Krishi Vikas Yojna,TAMIL NADU,,
Department of Agriculture and Farmers Welfare,PRADHAN MANTRI KISAN SAMMAN NIDHI,TAMIL NADU,,
Department of Agriculture and Farmers Welfare,AGRICULTURE INFRASTRUCTURE FUND,TELANGANA,,
Department of Agriculture and Farmers Welfare,Rashtriya Krishi Vikas Yojna,TELANGANA,,
Department of Agriculture and Farmers Welfare,KRISHIONNATI YOJANA,TELANGANA,,
Department of Agriculture and Farmers Welfare,NATIONAL RURAL DRINKING WATER PROGRAMME,TELANGANA,,
Department of Agriculture and Farmers Welfare,PRADHAN MANTRI KISAN SAMMAN NIDHI,TRIPURA,,
Department of Agriculture and Farmers Welfare,AGRICULTURE INFRASTRUCTURE FUND,UTTAR PRADESH,,
Department of Agriculture and Farmers Welfare,NATIONAL RURAL DRINKING WATER PROGRAMME,UTTAR PRADESH,,
Department of Agriculture and Farmers Welfare,KRISHIONNATI YOJANA,UTTAR PRADESH,,
Department of Agriculture and Farmers Welfare,Rashtriya Krishi Vikas Yojna,WEST BENGAL,,
Department of Agriculture and Farmers Welfare,AGRICULTURE INFRASTRUCTURE FUND,WEST BENGAL,,
Department of Agriculture and Farmers Welfare,NATIONAL RURAL DRINKING WATER PROGRAMME,WEST BENGAL,,
